{"ECBase_True": [1.0160467999987304, 1.61534411998, 2.8260849999962376, 3.3673452999908475, 4.62431818000041, 6.0050510599976406, 7.186585119995288, 8.47960167999845, 9.43322697998956, 10.23606151996646, 11.187237580004147, 12.102832599962131, 12.832768319989555, 13.36219895996619, 14.316595279984176, 14.940564599982462, 15.407116299984045, 16.298214079998434, 17.232266099983825, 18.753109999978914, 19.715325720002873, 21.023854359984398, 22.263077119993977, 23.640580440009945, 24.50375919996295, 25.31621433997061, 26.00520673999563, 26.91542014000006, 27.406388800009154, 28.73287567999214, 30.01375809998717, 30.68093463999685, 31.43275003999006, 32.79060249996837, 33.41627481996547, 34.59272801999468, 35.683941539982335, 36.31946547999978, 37.264644179982135, 38.46932175995316, 39.345319359959106, 40.19136868000496, 40.84651657999493, 42.26439985998441, 43.1757693399908, 44.30831547998823, 44.977075939974746, 45.6682279399829, 46.12951104000676, 47.73561987997964], "ECBase_False": [0.4852126000216231, 1.048114759963937, 2.1129159999778495, 2.687119660014287, 3.3865263999905437, 3.5766821999801324, 4.025667120004073, 4.586242099991068, 4.939188740006648, 5.430308280000463, 5.703286420018412, 6.159806480002589, 7.050813059997745, 7.667725039995275, 8.174828079994768, 8.735717339999974, 9.401645700028165, 10.038126120017841, 10.67550980001688, 10.968758699996396, 11.250885760015809, 11.493218600004912, 11.931233459990471, 12.354410639987327, 12.942342980019749, 13.465006139990873, 13.915631940006278, 14.107965760002845, 14.443097599991598, 15.395258899987676, 15.795064659998753, 16.149127599992788, 16.454090839973652, 16.735576339974067, 17.030301499995403, 17.413251360016876, 17.988670259993523, 18.266800999990664, 18.474562020017764, 18.789069660007954, 19.160235400032253, 19.470045739971102, 19.67783774002455, 19.916297239996492, 20.347450000024402, 20.680702960002236, 20.981555519998075, 21.231458080001175, 21.3794547600206, 21.756173359998503], "EC_True": [1.128353379992768, 1.7655050199944526, 3.0979197799926625, 3.6376850799890237, 5.005214399984107, 6.484973660018295, 7.772199039999395, 9.110058540012687, 10.152635979978367, 10.969983979989774, 11.98207061998546, 12.913691019988619, 13.693813579995185, 14.21394365997985, 15.218658900004812, 15.862153599993325, 16.35438441997394, 17.258975100005046, 18.273253279994243, 19.85477394000627, 20.893926180014386, 22.3027510400163, 23.670618080021814, 25.092797199985945, 26.0395524200052, 26.86186190000735, 27.607296460005454, 28.542005859990603, 29.05779835996218, 30.46983105998952, 31.869114579982124, 32.53752733997535, 33.31151879997924, 34.73188100003172, 35.39949271997902, 36.60007920002099, 37.777671819995156, 38.42784270001575, 39.44850471999962, 40.68980264000129, 41.625324079976416, 42.4958439799957, 43.203104699985126, 44.69169479999691, 45.6663042999804, 46.82540341999847, 47.54663978000171, 48.24531874000095, 48.742343039996925, 50.427344360016285], "EC_False": [0.5374674200080335, 1.1128153200261295, 2.3013227000134067, 2.880667080031708, 3.6421392400050534, 3.852575319982134, 4.300304739992134, 4.893208619975485, 5.242489979998209, 5.735317520005628, 6.034075640002266, 6.510311460006051, 7.449198520020582, 8.122139880014583, 8.666609160020016, 9.228667140007019, 9.938383000018074, 10.592602160014213, 11.286371479998342, 11.58739612000063, 11.882599460007622, 12.123632479994559, 12.556720319995657, 13.01481480000075, 13.610244160005823, 14.18216734000016, 14.627372120018117, 14.821837040036916, 15.180500519997441, 16.15466283999849, 16.59907465998549, 16.95293537999969, 17.28010920002125, 17.562031960021706, 17.877940979972482, 18.27019654000178, 18.890836180001497, 19.173224220029077, 19.382478979998268, 19.695276140002534, 20.085475780023263, 20.39321031998843, 20.602802120009436, 20.855958639993332, 21.286622440000066, 21.634539080015383, 21.938563619996422, 22.199896400002764, 22.361287520010954, 22.734550119983034], "ECM_True": [0.016870700009167194, 0.031421200023032725, 0.04980439997743815, 0.06081445999443531, 0.08448567998129874, 0.11413344002794475, 0.1321876599919051, 0.15822914000600577, 0.17449301998130978, 0.19125169997569175, 0.2102037200005725, 0.22856059996411204, 0.24413542002439498, 0.25409434002358466, 0.2745098000159487, 0.288483739993535, 0.2986230799928308, 0.3151698000030592, 0.333317460003309, 0.36357007999904456, 0.3820183399831876, 0.4091474000131711, 0.4280429600039497, 0.45500781999435275, 0.4707871199818328, 0.4863242200110108, 0.5006186400074512, 0.519095900002867, 0.5293555999873206, 0.5568707999773324, 0.5792617600178346, 0.5912934000138194, 0.6062393999891356, 0.6353578399866819, 0.6479735800065101, 0.6701196799986064, 0.6914112800033763, 0.7046441599959508, 0.7224887000164018, 0.7456436199834571, 0.7627449400257319, 0.7804166999878361, 0.7935932400170713, 0.8228917600121349, 0.8399525200016796, 0.862214559991844, 0.8755461600143463, 0.8891508599976078, 0.8989843000425026, 0.9312098000198603], "ECM_False": [0.009731819992884994, 0.019904120010323822, 0.04032259997911751, 0.05078951998148114, 0.06417419996578247, 0.06869865998160093, 0.07655519999098033, 0.08694236001465469, 0.09316083998419344, 0.10188587997108697, 0.10784858001861722, 0.11628029998391867, 0.1325463199755177, 0.14423210001550615, 0.15374469999223947, 0.16361200001556425, 0.17575883998069913, 0.18793553998693824, 0.20122108000796288, 0.20745478002354503, 0.2131853599799797, 0.21791437997017055, 0.22546929998788984, 0.23388924000319095, 0.244296699995175, 0.25464983999263496, 0.2626985999988392, 0.2667399000143632, 0.2737273199716583, 0.29064723998308184, 0.2991634799866006, 0.3055270799901336, 0.3116327799856663, 0.31710046001244335, 0.32349470001645386, 0.3305463599972427, 0.3414162999950349, 0.3468034999910742, 0.35108187997248025, 0.3568391000153497, 0.3641479599988088, 0.3698856599861756, 0.37415857999585567, 0.37922259997576474, 0.3870589600177482, 0.3934311400167644, 0.39931809999980034, 0.4045078800292686, 0.40824911997187885, 0.41500105999875814], "ECMP_True": [0.011560939974151552, 0.020921839983202517, 0.033346139988861975, 0.04211113995406777, 0.05579965999349952, 0.07193105996120722, 0.0843215599656105, 0.10005613996181636, 0.11117445998825133, 0.12299749997910112, 0.13519571998622268, 0.1470436599571258, 0.15707334000617265, 0.16580723996739835, 0.17775925998575987, 0.18727031999733298, 0.1950194199802354, 0.2065794399706647, 0.2176497799810022, 0.23470301998313517, 0.2465510199777782, 0.2613316199975088, 0.27417021996807306, 0.2901927399681881, 0.3007161399582401, 0.31173803997226057, 0.3214107799809426, 0.3333606599830091, 0.3416467799572274, 0.3568242799723521, 0.37024273998104035, 0.3798745999811217, 0.3904311799677089, 0.40619219997897743, 0.41497481998521835, 0.42894217998255046, 0.4415055199759081, 0.4512146199820563, 0.46265371995978055, 0.47653717997018247, 0.48756637999322266, 0.4990985199576244, 0.5083860399667174, 0.52433065995574, 0.5353856799891219, 0.5490629799664021, 0.5579246999695897, 0.5676107599632815, 0.5752818799810484, 0.592995119956322],