{"ECBase_True": [1.0160465399967507, 0.5992966399760917, 1.2107401800109074, 0.5412597199901938, 1.2569723600056022, 1.38073225999251, 1.181533499993384, 1.2930159999988973, 0.9536247999873012, 0.8028338199714199, 0.9511754600564017, 0.9155942799523473, 0.729935140023008, 0.5294300399720668, 0.954395760037005, 0.6239686799934134, 0.4665512400213629, 0.8910964000271633, 0.9340514799812809, 1.520843179989606, 0.9622149800183252, 1.3085280399769545, 1.2392222200054674, 1.377502780011855, 0.8631782599724829, 0.8124545800033957, 0.688991880021058, 0.9102128400001674, 0.49096812000498175, 1.3264863999793306, 1.2808817999903113, 0.6671760200057179, 0.7518148999894038, 1.3578518799971788, 0.6256718199932948, 1.176452500023879, 1.0912129799835384, 0.6355234200134874, 0.945178179978393, 1.2046769599663094, 0.8759969800012186, 0.8460486200405285, 0.655147339985706, 1.4178827200084925, 0.911368940002285, 1.1325454999925568, 0.6687598599819466, 0.6911514400038868, 0.46128260002005844, 1.6061081999912858], "ECBase_False": [0.4852123400196433, 0.5629015599610284, 1.0648007000098005, 0.5742031000321731, 0.6994062199722976, 0.19015517998486758, 0.4489844200201333, 0.5605744200060144, 0.35294604001101104, 0.4911186199868098, 0.2729776400141418, 0.4565195599803701, 0.8910059200134128, 0.6169113599928095, 0.5071025599958375, 0.5608887000009417, 0.6659277200233191, 0.6364797599846497, 0.6373832399956882, 0.29324829997494817, 0.2821264400379732, 0.24233231998514385, 0.43801430000457914, 0.4231765999924392, 0.5879317400278523, 0.5226624999660998, 0.45062526003457604, 0.19233322001527994, 0.3351312799844891, 0.9521607199916616, 0.39980524000711737, 0.3540624199900776, 0.3049625999759883, 0.2814847799949348, 0.29472464001737536, 0.3829493600176647, 0.575418319972232, 0.27813013999257236, 0.2077605000231415, 0.31450697998516264, 0.37116520004346965, 0.309809559979476, 0.20779142004903406, 0.23845891999080776, 0.43115218002349137, 0.33325225999578834, 0.30085185999050734, 0.24990199999883772, 0.1479962000157684, 0.3767179999733344], "EC_True": [1.128353019990027, 0.6371504399925471, 1.3324136399896815, 0.5397642400115729, 1.36752815998625, 1.479758180025965, 1.287224319973029, 1.3378583400277422, 1.0425763399573043, 0.8173467400018126, 1.0120854800101369, 0.9316192600177601, 0.7801214799983427, 0.5201290199765936, 1.0047140600159765, 0.6434935399796814, 0.49222975997254254, 0.904588760016486, 1.0142769600031898, 1.5815195400267839, 1.039151079999283, 1.4088237000163644, 1.3678659399971367, 1.4221780399791897, 0.9467541200108827, 0.8223083599936217, 0.7454334400361404, 0.9347083400003612, 0.5157913999632001, 1.4120316200191154, 1.3992824599845335, 0.6684116400079801, 0.7739902599947527, 1.4203610600437968, 0.6676105200080201, 1.2005854400340468, 1.177591420011595, 0.6501696000341326, 1.0206608799751848, 1.241296900017187, 0.935520359966904, 0.8705188400112093, 0.7072595399804413, 1.4885891200043262, 0.9746084000216797, 1.1590980400098487, 0.7212352599948645, 0.6986778399907052, 0.4970231599872932, 1.685000120010227], "EC_False": [0.5374671200057491, 0.5753468800103292, 1.1885061600012705, 0.5793432200327515, 0.7614709599642083, 0.21043487996794283, 0.44772838000208137, 0.5929027599748224, 0.3492802800145, 0.49282639999873934, 0.2987568600103259, 0.4762347400188446, 0.938885820005089, 0.6729401799850165, 0.5444682799978182, 0.5620568600250408, 0.7097146600019186, 0.6542178999865428, 0.6937679799739271, 0.3010233599925414, 0.29520229999907316, 0.24103191997855902, 0.43308677999302747, 0.45809331999626013, 0.5954283599974588, 0.5719218399841338, 0.4452036200091243, 0.19446382001042367, 0.3586622999748215, 0.9741611000150442, 0.4444106999784708, 0.3538595800055191, 0.32717270001303406, 0.28192149999085814, 0.31590795994270593, 0.3922544400207698, 0.6206094600027428, 0.2823869800195098, 0.20925369998440146, 0.3127959399949759, 0.3901985000120476, 0.3077332199783996, 0.209590720012784, 0.25315549997612835, 0.4306626799982041, 0.3479154800064862, 0.3040234199957922, 0.2613316399976611, 0.16139004002325236, 0.37326153996400535], "ECM_True": [0.016870320006273688, 0.014549700007773936, 0.018382339971140027, 0.011009260010905565, 0.02367045998107642, 0.029646920040249825, 0.01805343998130411, 0.026040700008161367, 0.016263099969364703, 0.01675783998798579, 0.018951180018484594, 0.018356199958361685, 0.01557400005403906, 0.009958140016533435, 0.020414739986881612, 0.013973159971646965, 0.010138679994270205, 0.01654588000383228, 0.01814701999537647, 0.03025201999116689, 0.018447559978812932, 0.027128460025414823, 0.018894960009492933, 0.02696421998552978, 0.01577867998275906, 0.015536520024761557, 0.014293799991719425, 0.018476659990847112, 0.010259040002711117, 0.027514720009639858, 0.022390280035324395, 0.012030939990654587, 0.014945519994944334, 0.02911773999221623, 0.012615120015107095, 0.022145599988289178, 0.021290939999744296, 0.013232259987853467, 0.017843920015729965, 0.023154299962334333, 0.017100760038010775, 0.01767099997960031, 0.01317582002375275, 0.029297939990647136, 0.01706014000810683, 0.022261419985443353, 0.013330980017781258, 0.013604160002432763, 0.009832840063609183, 0.03222489997278899], "ECM_False": [0.009731499990448356, 0.010171720013022422, 0.020417759963311254, 0.010466359998099506, 0.013384099979884923, 0.00452396001201123, 0.007856160006485879, 0.010386800020933151, 0.006217919965274632, 0.008724459982477128, 0.005962140043266118, 0.008431299962103367, 0.016265439987182616, 0.011685200035572052, 0.009512039972469211, 0.009866860019974411, 0.012146279960870743, 0.012176020001061261, 0.013284940016455948, 0.00623292000964284, 0.005729839950799942, 0.004728439985774458, 0.0075545400148257615, 0.008419520012103021, 0.010406939988024532, 0.010352419991977512, 0.008048180001787841, 0.004040780011564493, 0.006987079954706132, 0.016919300006702543, 0.008515619998797774, 0.0063632400007918475, 0.006105199991725385, 0.005466980021446943, 0.006393740023486316, 0.007051139976829291, 0.01086954001802951, 0.005386700015515089, 0.004277879977598787, 0.005756640038453042, 0.007308299979194998, 0.005737119982950389, 0.004272520006634295, 0.005063659977167845, 0.007835980039089918, 0.0063716799952089785, 0.0058865000028163195, 0.005189220025204122, 0.0037408599397167563, 0.006751540023833514], "ECMP_True": [0.011560499970801174, 0.00936002000235021, 0.012423460022546351, 0.008764239959418774, 0.013687740033492445, 0.01613057996146381, 0.012389640021137894, 0.015733839990571142, 0.011117500020191073, 0.01182213998399675, 0.012197420001029968, 0.011847079964354634, 0.010028880042955279, 0.008733119955286384, 0.011951280012726783, 0.00951032000593841, 0.007748339977115393, 0.011559159983880818, 0.011069600004702806, 0.017052559996955097, 0.011847180011682213, 0.014779880014248192, 0.0128378999652341, 0.016021799994632602, 0.01052263998426497, 0.011021040007472038, 0.009671940002590418, 0.011949079995974898, 0.008285359968431294, 0.015176740009337664, 0.013417720003053546, 0.009631059993989766, 0.010555859981104731, 0.01576010000426322, 0.00878175999969244, 0.013966599991545082, 0.012562600011005998, 0.009708360000513495, 0.011438379972241819, 0.01388270000461489, 0.011028440017253161, 0.011531139980070293, 0.009286840003915131, 0.015943839983083307, 0.011054240027442574, 0.013676539971493184, 0.00886097999755293, 0.009685320011340082, 0.007670340011827648, 0.017712539969943465],