{"ECBase_True": 47.74854673997034, "ECBase_False": 21.769035080005416, "EC_True": 50.44026397999842, "EC_False": 22.74793633997906, "ECM_True": 0.9455090799834579, "ECM_False": 0.42887159998062996, "ECMP_True": 0.6165197999915109, "ECMP_False": 0.3943918999750167, "ECBF_True": 0.882812840002589, "ECBF_False": 0.7857548400061205, "ECBFP_True": 1.4390491799917071, "ECBFP_False": 1.282580400002189}