{"ECBase_True": [2.5617282872000944, 1.491994913000599, 2.9661304013992775, 1.3038927092005905, 3.0372764545998505, 3.354799632999857, 2.852236381199691, 3.1346441538000365, 2.3270996383995226, 1.9371906259999379, 2.287420526799906, 2.2244977525999277, 1.7807281699999293, 1.2843371792001563, 2.3317852015999962, 1.5108487878002053, 1.1423917864001851, 2.1891516309999135, 2.285773960599909, 3.7312976323999463, 2.368591258599918, 3.2242343171998074, 3.032545940200362, 3.3545474156002455, 2.1149017719995755, 1.9845917089998693, 1.6928310469997085, 2.2576107545999546, 1.1968762169999536, 3.270379552400118, 3.1584390336000068, 1.6539426010003808, 1.8007503774006182, 3.3442018456007645, 1.5376437082002667, 2.8857652679998864, 2.6703040799999145, 1.5536158396003885, 2.3022743125999114, 2.9290734162008447, 2.1456040040000515, 2.056342496400248, 1.5969863701997382, 3.4635960354004056, 2.2076111231999676, 2.7523732858004224, 1.6425353621994874, 1.690461190199494, 1.1228405119996752, 3.9076123983999422], "ECBase_False": [1.1668884517999687, 1.353205237400107, 2.5552938649998396, 1.3858533329996134, 1.6666306197999803, 0.4581614502003504, 1.0886217742001463, 1.3473883712002135, 0.862510469800327, 1.1858957324002404, 0.6628760447998502, 1.114476645600007, 2.218487645799905, 1.5233112059999256, 1.2304674573995726, 1.3661216117998265, 1.6130402499999037, 1.5534307407993766, 1.551177476200246, 0.7210491304002062, 0.692074939399754, 0.5801020036004048, 1.0748619496000174, 1.0307059777998802, 1.4430229223995412, 1.2638905696006986, 1.1183430871999007, 0.4643981430002896, 0.8242304529994726, 2.3440758016000474, 0.9820645504001732, 0.8647796876000939, 0.7510984188000294, 0.6774987409997266, 0.7185422211998229, 0.9328156370000216, 1.398831011999937, 0.6727606170003128, 0.5107793500003026, 0.7630948522000836, 0.9033026855999197, 0.7562174259997846, 0.5141147752001416, 0.5871044108000205, 1.0560153396003442, 0.8209828107999784, 0.7310345328001858, 0.6056022785996902, 0.35601307460055975, 0.9098925202000828], "EC_True": [2.023744255599013, 1.1711419025996292, 2.453869235800448, 0.9934556311993219, 2.522853608600781, 2.705312825600413, 2.3453229791997727, 2.4893615732009495, 1.9168288697997924, 1.5072656633998123, 1.8610127552001359, 1.7301410497999314, 1.4440516197995747, 0.9644166239995684, 1.8584248844006652, 1.1863648747999833, 0.8945673436002834, 1.6560726163996151, 1.8410463940002955, 2.957040584400238, 1.939844890200402, 2.651991982599429, 2.5288192313993934, 2.649127915200006, 1.7498908860008668, 1.5113298503998522, 1.3590121357996394, 1.7401734633993329, 0.9569863240001724, 2.6064966499998263, 2.5524990647991217, 1.2138195079995058, 1.4146460558004037, 2.623437570999158, 1.2302995507998276, 2.2384015912000903, 2.164387909999641, 1.210430462399745, 1.886699529800535, 2.296708593599033, 1.7150391452003533, 1.603907476400127, 1.2923292694002158, 2.751436293000006, 1.7801053690007393, 2.1465541533998476, 1.3346706021995487, 1.2903871364003863, 0.9095015809994947, 3.101408046200595], "EC_False": [0.9811845144002291, 1.0523220246002893, 2.143345395799406, 1.0702848027998697, 1.3833899924000435, 0.37541529760128467, 0.8426712737986236, 1.1198620213988761, 0.6466727766004624, 0.9173040008005046, 0.5545052245994156, 0.9163767044010456, 1.7014237355993829, 1.2191736483997375, 0.9791872394001985, 1.027246572801232, 1.3000955258008617, 1.202099142998486, 1.2673342632006097, 0.5533400462001736, 0.5449643681997258, 0.449353868199978, 0.8016155467987118, 0.8360383274004561, 1.0901170452001678, 1.0455111216004298, 0.8205142586004512, 0.35411403899997823, 0.6588539148004202, 1.784364476398332, 0.8069836100003158, 0.6428052850002132, 0.5848829219998152, 0.5121607323999342, 0.5829984796007921, 0.7270077451990801, 1.1538654556010441, 0.5246491221994802, 0.392095168200467, 0.5818052024005738, 0.7164116488005675, 0.566888119601208, 0.38526660420029657, 0.4591141977980442, 0.7926623709987325, 0.6371568610004033, 0.5513164523996238, 0.47803144540012, 0.29325650180035157, 0.6939899428005447], "ECM_True": [0.04334000980015844, 0.03467898739909288, 0.05134817220023251, 0.033591783000156285, 0.057454443599272056, 0.06963466279994464, 0.046700207400135696, 0.06923983940068865, 0.041398165999999036, 0.04716842220004765, 0.048181170801399276, 0.05247109600095427, 0.03879023560075438, 0.03314320800127461, 0.050841599600971676, 0.036942552599066404, 0.027536021998821526, 0.05028603460013983, 0.045836535799026024, 0.0800621834001504, 0.04635404180007754, 0.06579980179958511, 0.049225264200504174, 0.07582370939999236, 0.039724086399655786, 0.04688720100020873, 0.036675395400379784, 0.05250376320036594, 0.028709841798990964, 0.06711266299971612, 0.05614921559972572, 0.04029179280041717, 0.03999653979990399, 0.07381918980026966, 0.03253442700006417, 0.065212268599862, 0.05289054220047547, 0.03797116780042416, 0.04489503020013217, 0.06441666819955572, 0.04428658339966205, 0.048683341600553834, 0.03349967440008186, 0.07294680860140942, 0.04393238319971715, 0.06260882240021601, 0.033786204401258145, 0.041052155200304696, 0.026604004999535392, 0.08436688960064202], "ECM_False": [0.024918732999503847, 0.03238004800077761, 0.04621208099997602, 0.03315970320036286, 0.03374451260024216, 0.012795070999709423, 0.027734774200507673, 0.029704987400327808, 0.022423940999578916, 0.029665558799752034, 0.016581699599191778, 0.02607739200029755, 0.048032364201208114, 0.030536397200194187, 0.027604697000060695, 0.03275058979925234, 0.033579016799922104, 0.03597017819993198, 0.0314412452004035, 0.019035380600689676, 0.01775057599952561, 0.01630919739982346, 0.026904940800886835, 0.02371531980097643, 0.03393085239949869, 0.02609801839935244, 0.02809737939896877, 0.013745660600397969, 0.019557613399956607, 0.051922908001142784, 0.021436372800235404, 0.022626386200136038, 0.01901794040022651, 0.018595667200133902, 0.018180622400541323, 0.023966398400079924, 0.029758974599826616, 0.020966221399430652, 0.016712753999308917, 0.020826351000141585, 0.021814904799975922, 0.02012341139925411, 0.014821331200073474, 0.0151856095995754, 0.02634554000105709, 0.020378608999453717, 0.019291758599865715, 0.01619338300151867, 0.01089916299970355, 0.02341897839869489], "ECMP_True": [0.06598449419980171, 0.044436749201122436, 0.057796193400281484, 0.04933980439964216, 0.07259263359883335, 0.07632197839920991, 0.055572061199927705, 0.08683678920060629, 0.048896539400448094, 0.06152981299965177, 0.05758679639911861, 0.06777836280016344, 0.04677303439966636, 0.04741766799925244, 0.06033882359843119, 0.046015630399779184, 0.038600242199754574, 0.06941173619998153, 0.05288011720040231, 0.09592977380016236, 0.05359315279929433, 0.07226231460081181, 0.05946465720044216, 0.09310039399933885, 0.04580891659934423, 0.06419284640069237, 0.043369418400106954, 0.06739258320085355, 0.038600502400367984, 0.07980864980127081, 0.0660882076015696, 0.060610568599804536, 0.05065387220020057, 0.08402298660002998, 0.041198173399607185, 0.0837168929996551, 0.06154849940066924, 0.04983194800079218, 0.05823087440003292, 0.08287270600048942, 0.05329881759898854, 0.06053704319929239, 0.04181669219979085, 0.08719246559994645, 0.053987276999396275, 0.08052466519948212, 0.042637501400895415, 0.05495146560060675, 0.03407618959972751, 0.1018851619999623],