{"ECBase_True": [2.1746825944002923, 3.4278782436002073, 6.036452006200125, 7.194330690200149, 9.892298373000084, 12.811727078799958, 15.307117182599905, 18.146127968600194, 20.244890020000092, 22.014400127000044, 24.0452931289994, 26.008612699999865, 27.582816460600224, 28.727181105800263, 30.76722889240009, 32.086713709600375, 33.09262452320036, 35.00076638340033, 36.99344182960012, 40.2240164775998, 42.27475695159992, 45.096703147000156, 47.77098481100002, 50.72744946620041, 52.57905689039944, 54.324079015200184, 55.791731100000106, 57.731822057200404, 58.79378313999987, 61.629876646600316, 64.37491109660004, 65.8122635853997, 67.39155412379986, 70.28767503960007, 71.6293819980001, 74.12422285699976, 76.4461179512, 77.80525149320019, 79.82247200240018, 82.37331902440019, 84.23175644779985, 86.01763612059986, 87.40370665959964, 90.40471814360026, 92.36498992619963, 94.8178477204001, 96.25629298260029, 97.73368778780022, 98.72129261440023, 102.15725386699997], "ECBase_False": [1.0940278573994875, 2.3750074976000177, 4.793034049199923, 6.09619343359991, 7.67166777220009, 8.108946151399868, 9.129350383599377, 10.396993358199689, 11.194653239600303, 12.296682083199993, 12.919983590799893, 13.954127620800136, 15.972714645799716, 17.36982407999967, 18.518104774599852, 19.810350688000106, 21.340313928999603, 22.797650817999966, 24.25271856939944, 24.920956457000283, 25.56139075719984, 26.102755978199276, 27.102249074799694, 28.064557324399722, 29.40568865159985, 30.599970282600044, 31.65742789959986, 32.09073623619988, 32.85111224220018, 35.013075150999796, 35.924754250800106, 36.732559220799885, 37.42966548239965, 38.066100571999776, 38.74665552680053, 39.634568814599696, 40.94938251959975, 41.586683492999875, 42.06703468259984, 42.78326934279939, 43.62713337979985, 44.325058886999614, 44.78930995299997, 45.31820157379916, 46.282255513599736, 47.032973690600194, 47.70116362199951, 48.26643140880005, 48.59928379399971, 49.44942030299971], "EC_True": [2.074259693800559, 3.270942578800896, 5.784457480400306, 6.838967258600315, 9.541578862600726, 12.392332159200668, 14.902801175000423, 17.558973129401057, 19.504409988400585, 21.085619579200646, 23.084947498000837, 24.96593534620042, 26.53744097880044, 27.560108415200737, 29.479005775400584, 30.69370782640035, 31.6101596454002, 33.31677823920072, 35.172641981400375, 38.122783833000724, 40.06363134560088, 42.67719608080042, 45.21675830760032, 48.007515904000684, 49.839410899200445, 51.4554664132007, 52.805795167800895, 54.58698394440071, 55.55780102820063, 58.19678944500083, 60.84033339440102, 62.12361641180032, 63.593173929400656, 66.34836381340028, 67.63056423800045, 69.99991463140032, 72.26980038240035, 73.5435124570009, 75.47116517120048, 77.84806186420028, 79.6134595238007, 81.28240287780027, 82.57213050180071, 85.35402118200072, 87.18774917140072, 89.4581734052008, 90.87558234760036, 92.26651027480075, 93.24159270680101, 96.49059059340034], "EC_False": [0.9815322423997713, 2.0909901757997433, 4.211871605200213, 5.296795570399991, 6.677986835199772, 7.061087358800068, 7.904624306599726, 8.989434570400045, 9.636096220799663, 10.534898033399804, 11.064858734799781, 11.926393502399879, 13.598292832800144, 14.798160224599997, 15.770900857600282, 16.811004680599943, 18.089842045399564, 19.2834388706, 20.513495460799824, 21.059134088999418, 21.594147313800203, 22.034110668599897, 22.825621116600086, 23.645307377999778, 24.74065227559986, 25.764421570800188, 26.58820650279995, 26.941551196599903, 27.581933719600055, 29.34496386019964, 30.13040709299967, 30.778595250599757, 31.353966571599813, 31.860807139799363, 32.41742126440003, 33.12016869659965, 34.23050384119997, 34.7472482307996, 35.13490208819967, 35.70859809499998, 36.40960101399978, 36.96984691899961, 37.35209932880025, 37.80341476499998, 38.591883206799686, 39.21526729500001, 39.768426407199875, 40.2459071033998, 40.53958074780021, 41.241899658600595], "ECM_True": [0.04214269919975777, 0.07585573439973814, 0.12081637239971314, 0.15343091519971494, 0.2097463288002473, 0.27794691560011414, 0.3237992445992859, 0.39252366199980315, 0.43300463999985367, 0.4793118645997311, 0.5269190048002201, 0.5785948037999333, 0.6167860202000156, 0.6495217369996681, 0.6997999803999846, 0.736956403199656, 0.764849380799933, 0.8157746590000897, 0.8605803099999321, 0.9398339806000877, 0.9861576753999544, 1.0555782935996831, 1.1035965687999123, 1.178468499799783, 1.2173689065999498, 1.2641073141996457, 1.3000879094000992, 1.351803223800016, 1.3800249064002856, 1.4463359360004688, 1.5011049807995733, 1.5411208026001986, 1.5805352579998726, 1.6531783435995748, 1.6849736475996906, 1.7486416544001258, 1.8037821289999556, 1.843449564400362, 1.8873197758002789, 1.9500261090001003, 1.993210751800143, 2.041283983999892, 2.073967628599712, 2.145370299199567, 2.188317354399987, 2.2503774454002268, 2.2833026751999568, 2.3238458344003448, 2.3496105056001397, 2.4346144033999737], "ECM_False": [0.027806425799280988, 0.0635398077993159, 0.11459014100000786, 0.15247386779956287, 0.18771570600001725, 0.20232033479987876, 0.23286542159985402, 0.26999840259959457, 0.29529604859963, 0.3269833075999486, 0.34467292999979693, 0.37065843759955897, 0.4184100041995407, 0.4487310261996754, 0.47595580499946666, 0.5085053181992407, 0.5423212711997621, 0.5779907485997683, 0.611830406399531, 0.633163355799843, 0.6534340123995207, 0.671153348200096, 0.6992289915993751, 0.7234189931994479, 0.7607638185992982, 0.7875332459992933, 0.8182575827999244, 0.8326505687997269, 0.8532645617997332, 0.9094604195997817, 0.931534111200017, 0.954520593999041, 0.9752594509998744, 0.996602527000141, 1.0150201535994712, 1.0409966389994225, 1.0753299059997516, 1.095443198999419, 1.1145478095997532, 1.138855363399125, 1.1648068782000336, 1.184715943399715, 1.1990336954000669, 1.214001492999523, 1.2402939389998209, 1.260758115399949, 1.2805616804002056, 1.2972530719995121, 1.3084498525997332, 1.3325324909998018], "ECMP_True": [0.08730341320006119, 0.1416322659995785, 0.21748838080020505, 0.30814347920022556, 0.41085770080026124, 0.5250503899998875, 0.5840777789995627, 0.6768765131997497, 0.7363019162003184, 0.8025570469999366, 0.870046708600421, 1.0094893510002294, 1.1202950855997187, 1.1913460508003482, 1.270085821199609, 1.3480287712001882, 1.389433844800078, 1.4635933760000626, 1.5240872449998277, 1.6306142355999327, 1.689398724399871, 1.8038865205999173, 1.8953309125998203, 2.00067671479992, 2.0484127676001664, 2.11919825699988, 2.169224783000027, 2.2471266683998694, 2.3013361936002186, 2.4074744051999004, 2.4827063662, 2.5494900334000703, 2.6081573049996223, 2.7005333426001017, 2.739507206200142, 2.8268879084003857, 2.893192706800255, 2.9452505805998954, 3.0066602842001884, 3.1201633172000585, 3.209071747600319, 3.314629796200097, 3.3741281673999763, 3.5135128601999894, 3.5873337271998027, 3.6777747454001655, 3.718214662199898, 3.7862692347996925, 3.821240213800047, 3.929374794999967], "ECMP_False": [0.10271208899939666, 0.21298264140023093, 0.3272573967999051, 0.42232324299984614, 0.49555025159970684, 0.5292232781997882, 0.6144723849996808, 0.6845548081997549, 0.737237517199901, 0.8160926389999077, 0.8500574571997277, 0.9243097933998797, 1.0510401470000943, 1.0997010290000617, 1.1448931201997765, 1.2046009233996302, 1.2612722240002767, 1.329775270800019, 1.379315496399795, 1.4129373989995657, 1.444162239999423, 1.4720836001997668, 1.5219705245996011, 1.5623224501996447, 1.6188630002001445, 1.6584507953997671, 1.7078929585997684, 1.7345194549998268, 1.7648947405999933, 1.8480927571999928, 1.8789148891999503, 1.9217708607997337, 1.973055607799688, 2.0289949805996, 2.0886949593998, 2.1765278684000804, 2.2393207843997516, 2.2700210764000075, 2.297103921999951, 2.3405015582000486, 2.375868360599634, 2.4099353761997917, 2.4378083291998336, 2.4633639624000354, 2.513724534599896, 2.550975078600459, 2.5965602897998905, 2.62728753420015, 2.646442274399669, 2.694856654999603],