{"ECBase_True": 116.6809501819993, "ECBase_False": 53.00067123420013, "EC_True": 92.99441949480024, "EC_False": 41.74506723879968, "ECM_True": 2.4964215360007076, "ECM_False": 1.282231105599203, "ECMP_True": 3.0996416783993483, "ECMP_False": 1.8925714182012598, "ECBF_True": 1.7343319904000964, "ECBF_False": 1.5790800383991155, "ECBFP_True": 2.0640469075995496, "ECBFP_False": 2.0024866629995812}