{"ECBase_True": [2.1746821788005035, 1.2531941249999363, 2.608572542800175, 1.1578774576002615, 2.6979663689999143, 2.9194271665994167, 2.4953887013994973, 2.8390093971996975, 2.098760836400106, 1.7695088193999253, 2.0308916521993523, 1.9633180775996153, 1.5742025168005056, 1.1443632400001662, 2.0400465612001426, 1.3194834092002565, 1.0059095818003698, 1.9081403524000051, 1.9926739993999945, 3.2305731891992764, 2.050739021799745, 2.82194486360022, 2.6742802851997114, 2.9564633570003935, 1.8516061013997387, 1.7450206594003248, 1.4676507381998818, 1.9400895302005665, 1.0619598465997115, 2.8360922243999083, 2.7450332411997804, 1.4373512075995678, 1.5792892051998932, 2.8961194012001217, 1.341705512200133, 2.4948394055994867, 2.321893686999829, 1.3591320211999118, 2.017219292599839, 2.5508455971998045, 1.8584360591994482, 1.7858780061997095, 1.386069303799377, 3.0010101644002134, 1.9602706071993452, 2.452856391400201, 1.4384439921999728, 1.4773933968001074, 0.9876035906003381, 3.4359600357998716], "ECBase_False": [1.094027460599682, 1.2809783332002553, 2.4180250083998542, 1.3031578341997374, 1.5754728136002085, 0.4372767934000876, 1.0204026161994988, 1.267641494000054, 0.7976584384006855, 1.1020273174002795, 0.6233000434000132, 1.0341424986003402, 2.0185850779998873, 1.3971078146001674, 1.148279465399537, 1.2922444960000576, 1.52996170899969, 1.4573352244002309, 1.4550662369994825, 0.6682363020001503, 0.6404326219999348, 0.5413636947992927, 0.9994916241997999, 0.9623067947995878, 1.3411298586001066, 1.1942798792006215, 1.057456206400093, 0.43330705739972475, 0.7603744684005506, 2.1619613802005917, 0.9116776333998132, 0.807803471400257, 0.6971048719999089, 0.6364335866001056, 0.6805534758008435, 0.8879118793996895, 1.3148120983998524, 0.6372993954006233, 0.48034952499983774, 0.7162330923998524, 0.843862111999988, 0.6979239311996934, 0.46424947300038183, 0.528890251199482, 0.9640525279995927, 0.750716691800335, 0.6681883807992562, 0.5652665770001477, 0.33285088280026687, 0.8501350647999061], "EC_True": [2.0742589263998523, 1.196681146800256, 2.51351328119963, 1.0545081165997545, 2.702610126400759, 2.850750424800208, 2.5104670537999483, 2.6561703192001005, 1.9454351633998157, 1.5812075318001007, 1.9993263416006812, 1.880985903200417, 1.5715040016002604, 1.0226658633997432, 1.9188947716000258, 1.2147006764000252, 0.9164504433992988, 1.706616856400433, 1.8558622399999876, 2.950140201999966, 1.9408459446007327, 2.6135632076002366, 2.5395608509999876, 2.7907558578004683, 1.8318932906000556, 1.6160527857999114, 1.3503272730005846, 1.781187324000348, 0.9708155298001657, 2.63898679619997, 2.6435425348005084, 1.2832816187998106, 1.4695541347999097, 2.755187511999611, 1.2821989524003583, 2.3693485027997667, 2.2698840889999703, 1.2737103748004301, 1.9276511895997828, 2.376894941199862, 1.7653960832001758, 1.6689410893992318, 1.2897257534001256, 2.7818892164003044, 1.8337263826004346, 2.2704226636000384, 1.4174072458001319, 1.3909259798001585, 0.9750803522005299, 3.2489964465999948], "EC_False": [0.9815310355999827, 1.1094547993998276, 2.120879318199877, 1.0849222067998199, 1.3811896333994809, 0.3830984174004698, 0.8435353870001563, 1.0848083964006947, 0.6466599463998136, 0.898799878600039, 0.5299591849998251, 0.8615333202000329, 1.6718978044002142, 1.1998657791998995, 0.9727392180007882, 1.0401022165999165, 1.2788358467998477, 1.1935946929999772, 1.2300551384003484, 0.5456370557993069, 0.5350117960006173, 0.43996198099994216, 0.791508968999915, 0.8196847823997814, 1.0953434333998302, 1.023767678200238, 0.8237835394000286, 0.3533430675997806, 0.6403811129999667, 1.7630282419999275, 0.7854417043996363, 0.648186528399674, 0.575369700200099, 0.5068387361996429, 0.5566127958001743, 0.7027460715999041, 1.110333735599852, 0.5167429287997948, 0.38765213820006467, 0.5736945402000856, 0.7010015214000305, 0.5602441711995197, 0.3822508406006818, 0.4513139096001396, 0.7884669421997387, 0.6233819034005137, 0.5531576781995682, 0.47747903740018954, 0.29367215019992726, 0.7023173236008006], "ECM_True": [0.04214213059967733, 0.03371107780003513, 0.044959218000076365, 0.03261299279947707, 0.05631384020052792, 0.06819893560023046, 0.045850662399243444, 0.06872242979989096, 0.040479642600257645, 0.04630550199944992, 0.04760539180060732, 0.051674320800157145, 0.038189692200103306, 0.032734340799652276, 0.05027623919995676, 0.0371550441996078, 0.027891045000433223, 0.05092323920034687, 0.04480400860011287, 0.07925193780029076, 0.04632212500036985, 0.06941913599948749, 0.04801660779994563, 0.07487042020002263, 0.03889603259995056, 0.04673656539962394, 0.03597903059999226, 0.05171381440013647, 0.028220102000705082, 0.0663094956005807, 0.054767609799819185, 0.04001429119998647, 0.03941306419983448, 0.0726410641993425, 0.031793672000276274, 0.06366652080032509, 0.05513907940003264, 0.03966559820037219, 0.04386863620056829, 0.06270480940002017, 0.04318317599972943, 0.0480712646003667, 0.03268214779964183, 0.07140111299995625, 0.0429452124000818, 0.062058269600674974, 0.03292374960001325, 0.04054174460034119, 0.02576330119991326, 0.08500250420001976], "ECM_False": [0.027805558599720826, 0.03573101719957776, 0.05104781780028134, 0.037881512399690107, 0.03523989599998458, 0.014602627600106643, 0.030542888400304946, 0.03713083000002371, 0.02529185680032242, 0.03168476219980221, 0.01768793720038957, 0.025983966199783028, 0.047750011799871574, 0.030319541599965305, 0.027223357600087185, 0.03254796500004886, 0.033814483799869774, 0.03566770360012015, 0.03383793020002486, 0.021330910400138237, 0.02026849760004552, 0.017717762400206994, 0.028073724399655477, 0.024188541600233295, 0.03734273799927905, 0.02676735719978751, 0.03072238280037709, 0.014391348600111088, 0.020611957399887616, 0.05619372920009482, 0.022072058800767992, 0.022985040799540002, 0.020737459000156378, 0.021341255400693628, 0.018416112599879852, 0.02597500299962121, 0.034331531199859454, 0.020111781799641903, 0.019102554600249278, 0.024305429199739593, 0.025950168600320466, 0.019906410000112375, 0.014316268200127524, 0.014966649799680454, 0.02629108700020879, 0.02046277040062705, 0.019802180200713337, 0.01668994579995342, 0.011195124200094142, 0.024081574200317847], "ECMP_True": [0.08730280780000613, 0.05432653079951706, 0.0758542056002625, 0.09065298339992296, 0.10271232240047538, 0.11419040679975297, 0.059025686999302704, 0.09279674979989068, 0.05942350419973082, 0.06625277359962638, 0.06748782079994271, 0.1394406956002058, 0.11080385459936223, 0.07104898240031617, 0.07873794719926082, 0.07794114540010924, 0.041403281399834665, 0.07415721219986153, 0.06049209820012038, 0.10652514839966898, 0.05878258979973907, 0.11448603599965282, 0.09144176139961928, 0.10534382599980745, 0.04773431320027157, 0.07078354779951042, 0.05002459479983372, 0.07790011239994783, 0.05420797280021361, 0.10613645459998225, 0.07522716499988746, 0.06678203160008707, 0.05866557519948401, 0.09237401459977264, 0.03897189920025994, 0.08737911979987985, 0.06630169000018213, 0.052056116800304156, 0.06140810880024219, 0.11350041439982306, 0.08890637479998986, 0.10555552579971846, 0.059496666199993345, 0.1393822412006557, 0.0738186605998635, 0.09043931540036283, 0.04043640439995215, 0.06805317839935014, 0.034969151000041165, 0.10813320000015665],