{"ECBase_True": [2.5617287804001534, 4.05372549560052, 7.019857257199692, 8.323751207800523, 11.361029188400062, 14.715830125399952, 17.568067786599933, 20.702713297800074, 23.029814290599823, 24.967006422999837, 27.25442825559985, 29.47892729539999, 31.259656661400367, 32.543995128400276, 34.875781614999866, 36.3866315508003, 37.52902455400035, 39.718177592600114, 42.00395283880025, 45.73525311300036, 48.10384572920011, 51.32808120019981, 54.360628355800145, 57.715176965800126, 59.83008004980002, 61.814673148400104, 63.50750568879994, 65.76511779119974, 66.96199526820055, 70.23237613620003, 73.39081642839992, 75.04476020600013, 76.84551198160042, 80.18971574120042, 81.7273606626004, 84.6131271983999, 87.2834325587999, 88.83704967920058, 91.13932539479974, 94.06840035900059, 96.21400572880012, 98.27034996440052, 99.86733759300004, 103.33093498800045, 105.53854736959984, 108.2909221400001, 109.93345877219981, 111.62392117299969, 112.74676302799999, 116.65437666940015], "ECBase_False": [1.1668888171996514, 2.520095475600101, 5.075390510799844, 6.461245029599377, 8.127876917600224, 8.586039884799902, 9.67466280779954, 11.022052259999692, 11.88456394700006, 13.070461357399836, 13.733338643599563, 14.847816680599863, 17.06630562559949, 18.58961824219987, 19.820086941599584, 21.186209817599593, 22.799251353999715, 24.352683558999708, 25.9038623217999, 26.624912821399995, 27.316989074599768, 27.8970924887999, 28.971955992999575, 30.00266354519954, 31.445687655599613, 32.70958059800032, 33.82792510019972, 34.29232450799973, 35.116556348199445, 37.460633458399755, 38.44269931480012, 39.30748030600007, 40.0585800396002, 40.736080203599705, 41.45462372159964, 42.387440535600035, 43.78627326960013, 44.45903517219995, 44.96981592459997, 45.732912092799964, 46.63621622239989, 47.39243532699984, 47.906551532199956, 48.4936572827999, 49.549673936800176, 50.370657976799706, 51.10169412139985, 51.7072978219996, 52.06331223080015, 52.973206046799895], "EC_True": [2.023744662599347, 3.1948881707998225, 5.648758886200812, 6.642215962199407, 9.165071284000442, 11.870385657799853, 14.215710291599317, 16.705073336600616, 18.62190358619955, 20.129170679799792, 21.990184910199968, 23.72032738679991, 25.16438029819983, 26.12879823700023, 27.98722451600006, 29.173590769800285, 30.068159521000418, 31.724234038599754, 33.56528181840004, 36.52232380159985, 38.46217005680046, 41.11416431719954, 43.64298492059898, 46.29211424659989, 48.04200655099994, 49.55333840839921, 50.91235197240021, 52.65252675259944, 53.60951442459991, 56.216012364399646, 58.76851275679947, 59.98233363779946, 61.39698104400013, 64.02042022439927, 65.25072099659955, 67.48912397099994, 69.65351320299996, 70.86394505219978, 72.7506459461998, 75.04735599220002, 76.76239664280001, 78.3663057922, 79.65863670060025, 82.4100744206, 84.19018113220008, 86.33673668279953, 87.67140857059967, 88.96179715940052, 89.87130008679996, 92.97270975060019], "EC_False": [0.9811848970006395, 2.0335082868004974, 4.176855204400636, 5.247141675800958, 6.630533175400342, 7.005950146201212, 7.848622808800428, 8.96848601380043, 9.615160126201227, 10.53246552380151, 11.086972068400792, 12.003350009201677, 13.704775075201178, 14.923949891800294, 15.903138528801355, 16.930386451001688, 18.230483356201148, 19.43258400419945, 20.69991951740085, 21.25326088700094, 21.79822666960026, 22.247581924600674, 23.049198821600292, 23.88523851780119, 24.975356744400777, 26.02086944820112, 26.84138501920097, 27.195500312800867, 27.85435543460044, 29.63872143740009, 30.44570650080059, 31.088513112001237, 31.673397203200874, 32.185559449801076, 32.76855913720137, 33.49556820240032, 34.649434966601255, 35.17408526140061, 35.56618171620066, 36.147988203000565, 36.86440104620051, 37.43129081000152, 37.81655886820081, 38.27567440359926, 39.06833800180029, 39.70549610520102, 40.25681374380074, 40.73484636100111, 41.02810437360167, 41.72209574060107], "ECM_True": [0.04334069679898676, 0.07802141619904432, 0.12937114899978042, 0.16296468659929814, 0.22042070939933184, 0.29005732339937823, 0.33675896559943796, 0.4060002878002706, 0.44740001940008367, 0.4945701161996112, 0.5427528642001562, 0.59522525900029, 0.6340169679999235, 0.6671616738000011, 0.7180049167996913, 0.7549489441997139, 0.7824868505987979, 0.8327746169998136, 0.8786126641993178, 0.9586763907995192, 1.005032441599178, 1.0708337949989073, 1.120060737800668, 1.1958864184001867, 1.2356121789991448, 1.2825013499998021, 1.3191784819995518, 1.3716840524000873, 1.4003958671994041, 1.4675102825989597, 1.5236614545989142, 1.5639549547995557, 1.603953124799591, 1.6777742432001106, 1.7103103789995657, 1.7755241375998594, 1.828416365999874, 1.8663894310004252, 1.9112864737995552, 1.9757047597988275, 2.0199929933995007, 2.06867821679989, 2.102179541399528, 2.175127877000341, 2.219061740599136, 2.2816722425995977, 2.315459823799756, 2.356513543599431, 2.3831191133991525, 2.467487353999604], "ECM_False": [0.024919325600058072, 0.057301152400759746, 0.1035148538001522, 0.1366760062002868, 0.17042205179968734, 0.18321865359976072, 0.21095464380050544, 0.24066098340044845, 0.2630864092003321, 0.2927532724002958, 0.30933624399986004, 0.33541636820082205, 0.38344995160077816, 0.4139878656009387, 0.44159424160025085, 0.4743460669997148, 0.5079262106009992, 0.5438980744002038, 0.5753408110002056, 0.5943777288004639, 0.612129883000307, 0.628440359999513, 0.6553464306001843, 0.6790632092008309, 0.7129955782002071, 0.739095267799712, 0.7671941177999543, 0.7809410792004201, 0.80050002259959, 0.8524240130005637, 0.8738617173999955, 0.8964896214005421, 0.9155087414001173, 0.9341061694001838, 0.9522880532000272, 0.9762571737999679, 1.0060174092002854, 1.0269851325996568, 1.043699473200104, 1.0645277020004869, 1.0863437970001542, 1.1064689095997893, 1.1212917856006244, 1.1364785913996456, 1.1628252120004618, 1.1832051217992556, 1.2024981578004372, 1.2186928372015244, 1.2295931956003188, 1.2530134079999697], "ECMP_True": [0.06598504600115121, 0.11042368000125861, 0.1682216684006562, 0.21756355440084008, 0.2901577311997244, 0.3664814700001443, 0.42205561400041913, 0.508894062400941, 0.5577922930009663, 0.6193237950006732, 0.676912147999974, 0.7446919604008144, 0.7914666468008363, 0.8388859342005162, 0.8992261314000644, 0.9452433088008547, 0.9838451552001061, 1.053258786200604, 1.1061405154010573, 1.2020718078005301, 1.2556667584001844, 1.327930526601267, 1.3873966730003304, 1.4804984572001558, 1.5263089782005408, 1.5905035494004551, 1.6338743488006002, 1.7012682354012214, 1.7398702930011496, 1.819680433000758, 1.8857700900014607, 1.9463821576006013, 1.9970375818011235, 2.0810623586003203, 2.1222619588006637, 2.205980080000154, 2.2675300648013943, 2.317363632800698, 2.3755960356007564, 2.4584702224005013, 2.5117707090001202, 2.5723098848000516, 2.61412820540063, 2.7013222258006864, 2.7553111556007934, 2.8358374659997936, 2.8784767242010276, 2.933429803200852, 2.9675077180007063, 3.0693943146012317], "ECMP_False": [0.036544370000046913, 0.0897218215992325, 0.14695824980008182, 0.19655077359930145, 0.24572970439985511, 0.265113664000819, 0.3112156025985314, 0.3537145485999645, 0.39095325419912114, 0.4353745356005675, 0.45950257740041706, 0.496818380800687, 0.5617926901992177, 0.6017426043996238, 0.6403136741995695, 0.6919126019995019, 0.7383532131992979, 0.789638169400132, 0.8314240835999953, 0.8593654664000496, 0.886174986599508, 0.9121094811991497, 0.9552017723995959, 0.9864899175991013, 1.0408603989999392, 1.074256133599556, 1.1189142655995965, 1.1412568909989205, 1.1694029083992064, 1.2457877055989228, 1.274216238599911, 1.3103788175998488, 1.3384676048000983, 1.3680078681994927, 1.3950525022002693, 1.4313417443998333, 1.4728868327998499, 1.502221832399664, 1.541987670200615, 1.5737851327998214, 1.6059972606002701, 1.6370636991996435, 1.6602466913987883, 1.6827427332005755, 1.7234832481990452, 1.7533262327990087, 1.7834321916001499, 1.8073867715997038, 1.8236664703996213, 1.860242991600535],