{"ECBase_True": 102.18184025160045, "ECBase_False": 49.47455621920017, "EC_True": 96.51360021799955, "EC_False": 41.26624778019978, "ECM_True": 2.4661801837999517, "ECM_False": 1.362420896200274, "ECMP_True": 3.9619078600004287, "ECMP_False": 2.727549452200037, "ECBF_True": 1.975009196999963, "ECBF_False": 1.6650580938006896, "ECBFP_True": 2.4419327040006467, "ECBFP_False": 2.2983723083994847}